Beitrags-ID,Seiten-ID,Seitenname,Titel,Beschreibung,"Dauer (Sek.)",Veröffentlichungszeit,"Art der Untertitel",Permalink,"Mehrfach gepostet","Geteilter Beitrag",Beitragsart,Sprachen,"Individuelle Labels","Status „Finanzierter Content“",Kommentar,Datum,Impressionen,Link-Klicks,"Weitere Klicks","Durchschnittlich verbrachte Zeit pro Artikel","Erreichte Personen","Tägliche Scroll-Tiefe in Artikel","Klicks insgesamt",Kommentare,"„Gefällt mir“-Angaben","Geteilte Inhalte",Interaktionen,"3-sekündige Videoaufrufe","60-sekündige Videoaufrufe"
767430278729740,304962711452,"Zahnärzte Falkenried",,"Wenn dir nachhaltige Zahngesundheit wichtig ist

Mundgesundheit ist individuell. Darum sollte auch deine Zahnbehandlung individuell sein. Hol' dir jetzt deinen MundgesundStarter!

In einem ersten Gespräch geht es um die Bestandsaufnahme deiner Zahnsituation.

In einem zweiten Termin nimmt sich eine unserer Spezialistinnen für Dentalhygiene Zeit, um mit einer professionellen Zahnreinigung Karies und Parodontitis entgegenzuwirken.

Ein dritter Termin steht ganz im Zeichen der Erstellung von Befundunterlagen, als Basis für eine fundierte Aufklärung.

Und am Ende steht eine persönliche Ergebnisbesprechung in entspannter Atmosphäre. Die in den vorangegangenen Terminen gewonnenen Erkenntnisse münden in dein individuelles Behandlungskonzept.

Na, neugierig geworden?

Ausführliche Informationen zu unserem MundgesundStarter gibt es hier: https://zahngesundheitfalkenried.de

Wir freuen uns, dich auf dem Weg zu deiner nachhaltigen Zahngesundheit zu begleiten. 🙂

#zahnarzt #Zahnkonzept #Zahngesundheit #Nachhaltigkeit #MundGesundheit #ZahnarztHamburg #Hoheluft #Eppendorf",0,"10/27/2023 01:10",N/A,https://www.facebook.com/falkenried/posts/pfbid02BAS64zo1Sr312YvwTrrU3KC9Si7mbHviQ7DeRjToppt5z56bwhp234rpHZETJNcRl,0,0,Foto,,,,,Laufzeit,52,1,2,0,51,0,3,0,6,0,6,0,0
769336088539159,304962711452,"Zahnärzte Falkenried",,"Halloween Spaß für unsere kleinen Geister!

Viele freuen sich schon auf die kleinen Spukgestalten und können es kaum erwarten, ihre Gedichte zu hören. Wie wäre es, dieses Jahr statt zuckerüberladener Leckereien eine ganz besondere Überraschung parat zu haben: ""gesunde"" Süßigkeiten!

Kleine Packungen getrockneter Früchte, Apfelschnitze, Trauben oder Clementinen. Eine Option mit natürlicher Süße und Vitaminen.

Ungesalzene Nüsse, wie Mandeln oder Walnüsse. Eine nahrhafte Alternative, reich an gesunden Fetten und Proteinen.

Joghurt-Riegel als leckere, proteinreiche Option, besonders wenn sie mit Früchten oder Nüssen angereichert sind.

Und: Es gibt viele Snackriegel auf dem Markt, die weniger Zucker enthalten und dabei reich an Ballaststoffen und Eiweiß sind.

Dann mal (weniger) Süßes, sonst gibts Saures :-)

#Halloween #GesundeSüßigkeiten #Kinderfreuden #Zahngesundheit #HappyHalloween",0,"10/30/2023 05:10",N/A,https://www.facebook.com/falkenried/posts/pfbid02tjFGv8D13TVzBFFKh2d68EG6aTAiZC7DWREH9njUXH8KSWk7WTgpwdjbZVAoDtyel,0,0,Foto,,,,,Laufzeit,12,,,0,12,0,0,0,0,0,0,0,0
